-- Заполнение тестовыми данными
-- Используем данные из mock файлов

-- Опции товаров
INSERT INTO product_options (id, name, price, description) VALUES
('gift-wrap', 'Подарункова упаковка', 75.00, 'Красива святкова упаковка з бантом'),
('card', 'Листівка з побажанням', 35.00, 'Персоналізована листівка'),
('extra-templates', 'Додаткові шаблони', 120.00, '15+ ексклюзивних шаблонів'),
('masterclass', 'Відео майстер-клас', 199.00, 'Доступ до 5 відео-уроків'),
('consultation', 'Консультація майстра', 150.00, '30 хв онлайн-консультації')
ON DUPLICATE KEY UPDATE name=VALUES(name), price=VALUES(price), description=VALUES(description);

-- Товары
INSERT INTO products (id, name, slug, short_description, full_description, base_price, sale_price, badge, stock, view_count, purchase_count) VALUES
('starter', 'Стартовий набір', 'starter', 'Ідеальний старт для новачків. Усе необхідне для перших виробів.', 'Набір "Стартовий" створений спеціально для тих, хто тільки починає свій творчий шлях у світі фетру. Містить базові матеріали та інструменти, а також прості шаблони для перших виробів. Ідеально підходить для занять з дітьми від 3 років під наглядом дорослих.', 890.00, 690.00, 'hit', 15, 234, 89),
('optimal', 'Оптимальний набір', 'optimal', 'Найпопулярніший вибір! Розширений набір для творчості всією родиною.', 'Набір "Оптимальний" — це наш бестселер! Ідеальний баланс між ціною та можливостями. Містить розширену палітру кольорів, професійні інструменти та понад 20 шаблонів різної складності. Підходить для всієї родини — від малюків до дорослих.', 1490.00, 1190.00, 'recommended', 23, 456, 178),
('premium', 'Преміум набір', 'premium', 'Максимум можливостей! Для справжніх ентузіастів та професіоналів.', 'Набір "Преміум" — це вершина нашої колекції! Величезний вибір матеріалів, професійні інструменти японської якості, ексклюзивні шаблони та повний доступ до нашої бібліотеки майстер-класів. Ідеальний вибір для тих, хто хоче створювати справжні шедеври.', 2490.00, 1990.00, 'limited', 8, 312, 67)
ON DUPLICATE KEY UPDATE name=VALUES(name), short_description=VALUES(short_description), full_description=VALUES(full_description), base_price=VALUES(base_price), sale_price=VALUES(sale_price), badge=VALUES(badge), stock=VALUES(stock), view_count=VALUES(view_count), purchase_count=VALUES(purchase_count);

-- Связь товаров и опций (все товары имеют все опции)
INSERT INTO product_product_options (product_id, option_id) VALUES
('starter', 'gift-wrap'), ('starter', 'card'), ('starter', 'extra-templates'), ('starter', 'masterclass'), ('starter', 'consultation'),
('optimal', 'gift-wrap'), ('optimal', 'card'), ('optimal', 'extra-templates'), ('optimal', 'masterclass'), ('optimal', 'consultation'),
('premium', 'gift-wrap'), ('premium', 'card'), ('premium', 'extra-templates'), ('premium', 'masterclass'), ('premium', 'consultation')
ON DUPLICATE KEY UPDATE product_id=VALUES(product_id), option_id=VALUES(option_id);

-- Изображения товаров
INSERT INTO product_images (product_id, url, sort_order) VALUES
('starter', 'https://images.unsplash.com/photo-1558618666-fcd25c85cd64?w=800', 1),
('starter', 'https://images.unsplash.com/photo-1452860606245-08befc0ff44b?w=800', 2),
('starter', 'https://images.unsplash.com/photo-1544816155-12df9643f363?w=800', 3),
('optimal', 'https://images.unsplash.com/photo-1513364776144-60967b0f800f?w=800', 1),
('optimal', 'https://images.unsplash.com/photo-1452860606245-08befc0ff44b?w=800', 2),
('optimal', 'https://images.unsplash.com/photo-1558618666-fcd25c85cd64?w=800', 3),
('premium', 'https://images.unsplash.com/photo-1558618666-fcd25c85cd64?w=800', 1),
('premium', 'https://images.unsplash.com/photo-1513364776144-60967b0f800f?w=800', 2),
('premium', 'https://images.unsplash.com/photo-1452860606245-08befc0ff44b?w=800', 3),
('premium', 'https://images.unsplash.com/photo-1544816155-12df9643f363?w=800', 4)
ON DUPLICATE KEY UPDATE url=VALUES(url), sort_order=VALUES(sort_order);

-- Характеристики товаров
INSERT INTO product_features (product_id, type, value, description, sort_order) VALUES
-- Стартовый набор - features
('starter', 'feature', '10 кольорів фетру (15×15 см)', NULL, 1),
('starter', 'feature', 'Базовий набір інструментів', NULL, 2),
('starter', 'feature', '5 простих шаблонів', NULL, 3),
('starter', 'feature', 'Інструкція для початківців', NULL, 4),
-- Стартовый набор - materials
('starter', 'material', 'Фетр 1 мм', 'Мʼякий корейський фетр, безпечний для дітей', 1),
('starter', 'material', 'Ножиці', 'Дитячі безпечні ножиці з округлими кінцями', 2),
('starter', 'material', 'Нитки', 'Набір ниток 5 кольорів', 3),
('starter', 'material', 'Голки', 'Пластикові голки для дітей', 4),
('starter', 'material', 'Клей', 'Нетоксичний клей для тканини', 5),
-- Стартовый набор - canMake
('starter', 'can_make', 'Прості аплікації', NULL, 1),
('starter', 'can_make', 'Закладки для книг', NULL, 2),
('starter', 'can_make', 'Брелоки', NULL, 3),
('starter', 'can_make', 'Магніти на холодильник', NULL, 4),
('starter', 'can_make', 'Ялинкові прикраси', NULL, 5),
-- Стартовый набор - suitableFor
('starter', 'suitable_for', 'Діти від 3 років', NULL, 1),
('starter', 'suitable_for', 'Початківці', NULL, 2),
('starter', 'suitable_for', 'Заняття в садочку', NULL, 3),
-- Оптимальный набор - features
('optimal', 'feature', '20 кольорів фетру (20×20 см)', NULL, 1),
('optimal', 'feature', 'Повний набір інструментів', NULL, 2),
('optimal', 'feature', '20+ шаблонів різної складності', NULL, 3),
('optimal', 'feature', 'Відео-інструкції', NULL, 4),
('optimal', 'feature', 'Фурнітура (очі, носики, бантики)', NULL, 5),
-- Оптимальный набор - materials
('optimal', 'material', 'Фетр 1 мм', 'Мʼякий корейський фетр 15 кольорів', 1),
('optimal', 'material', 'Фетр 2 мм', 'Жорсткий фетр для основи, 5 кольорів', 2),
('optimal', 'material', 'Інструменти', 'Ножиці, пінцет, шило, маркер', 3),
('optimal', 'material', 'Нитки', 'Набір ниток 10 кольорів + муліне', 4),
('optimal', 'material', 'Наповнювач', 'Холлофайбер для обʼємних іграшок', 5),
('optimal', 'material', 'Фурнітура', 'Очі, носики, ґудзики, стрічки', 6),
-- Оптимальный набор - canMake
('optimal', 'can_make', 'М\'які іграшки', NULL, 1),
('optimal', 'can_make', 'Мобілі для малюків', NULL, 2),
('optimal', 'can_make', 'Розвиваючі книжки', NULL, 3),
('optimal', 'can_make', 'Пальчикові ляльки', NULL, 4),
('optimal', 'can_make', 'Декор для свят', NULL, 5),
('optimal', 'can_make', 'Корони та маски', NULL, 6),
('optimal', 'can_make', 'Бантики та заколки', NULL, 7),
-- Оптимальный набор - suitableFor
('optimal', 'suitable_for', 'Вся родина', NULL, 1),
('optimal', 'suitable_for', 'Садочок', NULL, 2),
('optimal', 'suitable_for', 'Школа', NULL, 3),
('optimal', 'suitable_for', 'Подарунок', NULL, 4),
-- Преміум набор - features
('premium', 'feature', '40 кольорів фетру (30×30 см)', NULL, 1),
('premium', 'feature', 'Професійні інструменти', NULL, 2),
('premium', 'feature', '50+ ексклюзивних шаблонів', NULL, 3),
('premium', 'feature', 'Повний доступ до відео-курсу', NULL, 4),
('premium', 'feature', 'Преміум фурнітура', NULL, 5),
('premium', 'feature', 'Подарункова упаковка', NULL, 6),
('premium', 'feature', 'Консультація майстра', NULL, 7),
-- Преміум набор - materials
('premium', 'material', 'Фетр преміум', 'Італійський та корейський фетр, 30 кольорів', 1),
('premium', 'material', 'Фетр з принтом', '10 дизайнів з візерунками', 2),
('premium', 'material', 'Інструменти', 'Японські ножиці, пінцет, плоттер', 3),
('premium', 'material', 'Нитки', 'DMC муліне 20 кольорів', 4),
('premium', 'material', 'Наповнювач', 'Преміум холлофайбер + гранулят', 5),
('premium', 'material', 'Фурнітура', 'Повний набір: очі, носи, суглоби, магніти', 6),
('premium', 'material', 'Аксесуари', 'Стрічки, мереживо, бісер, паєтки', 7),
-- Преміум набор - canMake
('premium', 'can_make', 'Авторські іграшки', NULL, 1),
('premium', 'can_make', 'Інтер\'єрні ляльки', NULL, 2),
('premium', 'can_make', 'Розвиваючі ігри', NULL, 3),
('premium', 'can_make', 'Тематичні набори', NULL, 4),
('premium', 'can_make', 'Весільний декор', NULL, 5),
('premium', 'can_make', 'Іменні подарунки', NULL, 6),
('premium', 'can_make', 'Все з попередніх наборів', NULL, 7),
-- Преміум набор - suitableFor
('premium', 'suitable_for', 'Професіонали', NULL, 1),
('premium', 'suitable_for', 'Ентузіасти', NULL, 2),
('premium', 'suitable_for', 'Подарунок преміум', NULL, 3),
('premium', 'suitable_for', 'Бізнес', NULL, 4)
ON DUPLICATE KEY UPDATE value=VALUES(value), description=VALUES(description), sort_order=VALUES(sort_order);

-- Заказы
INSERT INTO orders (id, customer_name, customer_phone, customer_email, delivery_method, delivery_city, delivery_warehouse, delivery_post_index, delivery_address, payment_method, subtotal, discount, delivery_cost, total, status, created_at, updated_at) VALUES
('ORD-001', 'Олена Мельник', '+380501234567', 'olena.melnyk@gmail.com', 'nova_poshta', 'Київ', 'Відділення №15', NULL, NULL, 'wayforpay', 1190.00, 0.00, 0.00, 1265.00, 'created', '2024-12-24 10:30:00', '2024-12-24 10:30:00'),
('ORD-002', 'Ірина Ковальчук', '+380679876543', 'iryna.kovalchuk@ukr.net', 'nova_poshta', 'Львів', 'Відділення №7', NULL, NULL, 'nalojka', 1990.00, 0.00, 0.00, 1990.00, 'processing', '2024-12-23 15:45:00', '2024-12-24 09:00:00'),
('ORD-003', 'Наталія Шевченко', '+380631112233', 'natalia.shevchenko@gmail.com', 'ukrposhta', 'Одеса', NULL, '65000', 'вул. Дерибасівська, 10', 'card', 1614.00, 0.00, 70.00, 1684.00, 'shipped', '2024-12-22 12:00:00', '2024-12-23 14:30:00'),
('ORD-004', 'Марія Бондаренко', '+380997778899', 'maria.bondarenko@gmail.com', 'pickup', NULL, NULL, NULL, NULL, 'card', 2075.00, 200.00, 0.00, 1875.00, 'completed', '2024-12-20 09:15:00', '2024-12-21 16:00:00'),
('ORD-005', 'Вікторія Литвин', '+380661234567', 'viktoria.lytvyn@gmail.com', 'nova_poshta', 'Харків', 'Відділення №23', NULL, NULL, 'card', 2140.00, 0.00, 0.00, 2140.00, 'paid', '2024-12-23 18:20:00', '2024-12-24 08:00:00'),
('ORD-006', 'Анастасія Петренко', '+380503334455', 'anastasia.petrenko@ukr.net', 'nova_poshta', 'Дніпро', 'Відділення №12', NULL, NULL, 'cod', 2295.00, 100.00, 0.00, 2195.00, 'in_transit', '2024-12-21 11:00:00', '2024-12-23 10:00:00')
ON DUPLICATE KEY UPDATE customer_name=VALUES(customer_name), customer_phone=VALUES(customer_phone), customer_email=VALUES(customer_email), status=VALUES(status), updated_at=VALUES(updated_at);

-- Позиции заказов
INSERT INTO order_items (order_id, product_id, quantity, price) VALUES
('ORD-001', 'optimal', 1, 1190.00),
('ORD-002', 'premium', 1, 1990.00),
('ORD-003', 'starter', 2, 690.00),
('ORD-004', 'optimal', 1, 1190.00),
('ORD-004', 'starter', 1, 690.00),
('ORD-005', 'premium', 1, 1990.00),
('ORD-006', 'starter', 3, 690.00)
ON DUPLICATE KEY UPDATE quantity=VALUES(quantity), price=VALUES(price);

-- Опции в позициях заказов
INSERT INTO order_item_options (order_item_id, option_id) VALUES
(1, 'gift-wrap'),
(3, 'card'),
(3, 'masterclass'),
(4, 'gift-wrap'),
(4, 'extra-templates'),
(5, 'consultation'),
(7, 'gift-wrap')
ON DUPLICATE KEY UPDATE order_item_id=VALUES(order_item_id), option_id=VALUES(option_id);

-- FAQ
INSERT INTO faqs (id, question, answer, sort_order, is_published) VALUES
(1, 'Для якого віку підходять ваші набори?', 'Наші набори підходять для дітей від 3 років (під наглядом дорослих) і до нескінченності! Стартовий набір ідеальний для малюків, Оптимальний — для всієї родини, а Преміум — для тих, хто хоче творити на професійному рівні.', 1, TRUE),
(2, 'Чи безпечний фетр для дітей?', 'Так, абсолютно! Ми використовуємо тільки сертифікований корейський та італійський фетр, який не містить токсичних речовин. Усі матеріали пройшли перевірку на відповідність стандартам безпеки для дітей.', 2, TRUE),
(3, 'Як швидко ви відправляєте замовлення?', 'Ми відправляємо замовлення кожного будного дня о 17:00. Якщо ви оформите замовлення до 16:00 у будній день — відправимо того ж дня! У вихідні найближча відправка — у понеділок.', 3, TRUE),
(4, 'Яка різниця між наборами?', 'Головна різниця — у кількості матеріалів та складності проєктів. Стартовий містить базовий набір для простих виробів. Оптимальний — розширений набір для різноманітних проєктів. Преміум — максимум можливостей для створення справжніх шедеврів.', 4, TRUE),
(5, 'Що робити, якщо я не вмію шити?', 'Це взагалі не проблема! До кожного набору додаються детальні інструкції, а в Оптимальному та Преміум наборах є відео-уроки. Багато виробів можна робити взагалі без шиття — на клей! Також ви завжди можете замовити консультацію майстра.', 5, TRUE),
(6, 'Чи можна замовити додаткові матеріали?', 'Так, звичайно! Ви можете додати до замовлення будь-які опції: додаткові шаблони, відео майстер-класи, консультацію майстра. Також скоро ми запустимо окремий розділ з додатковими матеріалами.', 6, TRUE),
(7, 'Як доглядати за виробами з фетру?', 'Вироби з фетру можна обережно прати вручну в теплій воді з м\'яким миючим засобом. Не викручуйте, а промокніть рушником і сушіть на рівній поверхні. Фетр не терпить високих температур, тому не сушіть на батареї.', 7, TRUE),
(8, 'Чи є у вас самовивіз?', 'Так! Ви можете забрати замовлення самостійно за адресою: Київ, вул. Урлівська 30. Графік роботи: Пн-Пт 10:00-18:00, Сб 10:00-14:00. Неділя — вихідний.', 8, TRUE)
ON DUPLICATE KEY UPDATE question=VALUES(question), answer=VALUES(answer), sort_order=VALUES(sort_order), is_published=VALUES(is_published);

-- Отзывы
INSERT INTO reviews (id, name, text, rating, photo, is_approved, created_at) VALUES
(1, 'Олена М.', 'Замовляла Оптимальний набір для доньки на день народження. Дитина в захваті! Вже зробили мобіль для братика. Якість матеріалів чудова, все продумано до дрібниць. Дякую!', 5, NULL, TRUE, '2024-12-15'),
(2, 'Ірина К.', 'Це вже третє моє замовлення! Почала зі Стартового, тепер замовила Преміум. Не можу зупинитися 😊 Рекомендую всім мамам, це чудовий спосіб провести час з дітьми.', 5, NULL, TRUE, '2024-12-10'),
(3, 'Наталія В.', 'Купувала набір для садочка, діти в захваті! Вихователі теж задоволені — все організовано, зрозумілі інструкції. Відправили швидко, упаковка — на 5+!', 5, NULL, TRUE, '2024-12-08'),
(4, 'Марина Л.', 'Подарувала мамі на ювілей — вона давно хотіла спробувати щось творче. Тепер не відірвати від фетру! Дякую за чудовий подарунок та швидку доставку.', 5, NULL, TRUE, '2024-12-01')
ON DUPLICATE KEY UPDATE name=VALUES(name), text=VALUES(text), rating=VALUES(rating), is_approved=VALUES(is_approved);

-- Команда
INSERT INTO team_members (id, name, role, photo, description, sort_order, is_active) VALUES
(1, 'Ольга Мельник', 'Засновниця та головний майстер', 'https://images.unsplash.com/photo-1494790108377-be9c29b29330?w=400', '12 років досвіду роботи з фетром. Авторка унікальних технік та шаблонів. Провела понад 500 майстер-класів.', 1, TRUE),
(2, 'Марія Коваленко', 'Дизайнер шаблонів', 'https://images.unsplash.com/photo-1438761681033-6461ffad8d80?w=400', 'Художник-ілюстратор за освітою. Створює чарівні дизайни, які закохують з першого погляду.', 2, TRUE),
(3, 'Анна Шевченко', 'Менеджер з клієнтами', 'https://images.unsplash.com/photo-1507003211169-0a1dd7228f2d?w=400', 'Завжди на звʼязку та готова допомогти з будь-яким питанням. Ваш провідник у світі фетру.', 3, TRUE)
ON DUPLICATE KEY UPDATE name=VALUES(name), role=VALUES(role), photo=VALUES(photo), description=VALUES(description), sort_order=VALUES(sort_order), is_active=VALUES(is_active);

-- Галерея
INSERT INTO gallery_images (id, url, title, sort_order, is_published) VALUES
(1, 'https://images.unsplash.com/photo-1558618666-fcd25c85cd64?w=600', 'Мобіль для малюка', 1, TRUE),
(2, 'https://images.unsplash.com/photo-1513364776144-60967b0f800f?w=600', 'Розвиваюча книжка', 2, TRUE),
(3, 'https://images.unsplash.com/photo-1452860606245-08befc0ff44b?w=600', 'Пальчикові ляльки', 3, TRUE),
(4, 'https://images.unsplash.com/photo-1544816155-12df9643f363?w=600', 'Ялинкові іграшки', 4, TRUE),
(5, 'https://images.unsplash.com/photo-1558618666-fcd25c85cd64?w=600', 'Корона принцеси', 5, TRUE),
(6, 'https://images.unsplash.com/photo-1513364776144-60967b0f800f?w=600', 'Бантики', 6, TRUE)
ON DUPLICATE KEY UPDATE url=VALUES(url), title=VALUES(title), sort_order=VALUES(sort_order), is_published=VALUES(is_published);

-- Настройки магазина
INSERT INTO settings (key_name, value, type, description) VALUES
('store_name', 'FeltMagic', 'string', 'Назва магазину'),
('store_email', 'info@feltmagic.ua', 'string', 'Email магазину'),
('store_phone', '+380501234567', 'string', 'Телефон магазину'),
('store_address', 'м. Київ, вул. Урлівська 30', 'string', 'Адреса магазину'),
('store_working_hours', 'Пн-Пт 10:00-18:00, Сб 10:00-14:00', 'string', 'Години роботи'),
('free_delivery_threshold', '1500', 'number', 'Мінімальна сума для безкоштовної доставки'),
('delivery_cost', '70', 'number', 'Вартість доставки'),
('nova_poshta_enabled', 'true', 'boolean', 'Увімкнено доставку Нова Пошта'),
('ukrposhta_enabled', 'true', 'boolean', 'Увімкнено доставку Укрпошта'),
('pickup_enabled', 'true', 'boolean', 'Увімкнено самовивіз'),
('email_notifications', 'true', 'boolean', 'Email сповіщення'),
('sms_notifications', 'false', 'boolean', 'SMS сповіщення'),
('telegram_notifications', 'true', 'boolean', 'Telegram сповіщення'),
('notify_on_new_order', 'true', 'boolean', 'Сповіщення про нове замовлення'),
('notify_on_payment', 'true', 'boolean', 'Сповіщення про оплату'),
('notify_on_delivery', 'false', 'boolean', 'Сповіщення про доставку')
ON DUPLICATE KEY UPDATE value=VALUES(value), type=VALUES(type), description=VALUES(description);


